{
  "roots": [],
  "root_material": 1,
  "objects": {
    "collection": {
      "0": {
        "object_ref": 0,
        "tag": "camera",
        "transform": {
          "transform_world": [
            0.9848077,
            0.0,
            -0.17364816,
            -0.015134435,
            0.9961947,
            -0.08583166,
            0.17298739,
            0.087155744,
            0.98106027,
            2.4,
            2.1,
            12.0
          ],
          "transform_local": [
            0.9848077,
            0.0,
            -0.17364816,
            -0.015134435,
            0.9961947,
            -0.08583166,
            0.17298739,
            0.087155744,
            0.98106027,
            2.4,
            2.1,
            12.0
          ],
          "transform_parent": null
        },
        "inner": {
          "Camera": {
            "sensor_size": 0.024,
            "focal_length": 0.085,
            "aspect_ratio": 1.5,
            "fstop": 0.7,
            "focus": 12.0
          }
        },
        "children": null
      },
      "2": {
        "object_ref": 2,
        "tag": "sphere_diffuse",
        "transform": {
          "transform_world": [
            1.0,
            0.0,
            0.0,
            0.0,
            1.0,
            0.0,
            0.0,
            0.0,
            1.0,
            -1.0,
            -0.3,
            -8.0
          ],
          "transform_local": [
            1.0,
            0.0,
            0.0,
            0.0,
            1.0,
            0.0,
            0.0,
            0.0,
            1.0,
            -1.0,
            -0.3,
            -8.0
          ],
          "transform_parent": null
        },
        "inner": {
          "Sphere": {
            "material": 3,
            "radius": 0.8
          }
        },
        "children": null
      },
      "3": {
        "object_ref": 3,
        "tag": "sphere_light",
        "transform": {
          "transform_world": [
            1.0,
            0.0,
            0.0,
            0.0,
            1.0,
            0.0,
            0.0,
            0.0,
            1.0,
            6.0,
            10.0,
            0.0
          ],
          "transform_local": [
            1.0,
            0.0,
            0.0,
            0.0,
            1.0,
            0.0,
            0.0,
            0.0,
            1.0,
            6.0,
            10.0,
            0.0
          ],
          "transform_parent": null
        },
        "inner": {
          "Sphere": {
            "material": 2,
            "radius": 2.0
          }
        },
        "children": null
      },
      "4": {
        "object_ref": 4,
        "tag": "sphere_glass",
        "transform": {
          "transform_world": [
            1.0,
            0.0,
            0.0,
            0.0,
            1.0,
            0.0,
            0.0,
            0.0,
            1.0,
            -0.5,
            0.0,
            0.0
          ],
          "transform_local": [
            1.0,
            0.0,
            0.0,
            0.0,
            1.0,
            0.0,
            0.0,
            0.0,
            1.0,
            -0.5,
            0.0,
            0.0
          ],
          "transform_parent": null
        },
        "inner": {
          "Sphere": {
            "material": 6,
            "radius": 1.0
          }
        },
        "children": null
      },
      "5": {
        "object_ref": 5,
        "tag": "sphere_metal",
        "transform": {
          "transform_world": [
            1.0,
            0.0,
            0.0,
            0.0,
            1.0,
            0.0,
            0.0,
            0.0,
            1.0,
            2.5,
            0.0,
            -2.5
          ],
          "transform_local": [
            1.0,
            0.0,
            0.0,
            0.0,
            1.0,
            0.0,
            0.0,
            0.0,
            1.0,
            2.5,
            0.0,
            -2.5
          ],
          "transform_parent": null
        },
        "inner": {
          "Sphere": {
            "material": 5,
            "radius": 1.0
          }
        },
        "children": null
      },
      "1": {
        "object_ref": 1,
        "tag": "sphere_ground",
        "transform": {
          "transform_world": [
            1.0,
            0.0,
            0.0,
            0.0,
            1.0,
            0.0,
            0.0,
            0.0,
            1.0,
            0.0,
            -101.0,
            0.0
          ],
          "transform_local": [
            1.0,
            0.0,
            0.0,
            0.0,
            1.0,
            0.0,
            0.0,
            0.0,
            1.0,
            0.0,
            -101.0,
            0.0
          ],
          "transform_parent": null
        },
        "inner": {
          "Sphere": {
            "material": 4,
            "radius": 100.0
          }
        },
        "children": null
      }
    },
    "next_key": 6
  },
  "data": {
    "collection": {
      "1": {
        "inner": {
          "Material": {
            "Emissive": {
              "albedo": [
                1.0,
                1.0,
                1.0
              ],
              "intensity": 0.1
            }
          }
        }
      },
      "3": {
        "inner": {
          "Material": {
            "Diffuse": {
              "albedo": [
                0.7,
                0.1,
                0.1
              ],
              "roughness": 0.7
            }
          }
        }
      },
      "5": {
        "inner": {
          "Material": {
            "Metallic": {
              "albedo": [
                0.83,
                0.69,
                0.22
              ],
              "roughness": 0.2
            }
          }
        }
      },
      "6": {
        "inner": {
          "Material": {
            "Glass": {
              "albedo": [
                1.0,
                1.0,
                1.0
              ],
              "roughness": 0.1,
              "ior": 1.4
            }
          }
        }
      },
      "4": {
        "inner": {
          "Material": {
            "Diffuse": {
              "albedo": [
                0.3,
                0.4,
                0.6
              ],
              "roughness": 0.8
            }
          }
        }
      },
      "0": {
        "inner": {
          "Material": {
            "Flat": {
              "albedo": [
                0.0,
                0.0,
                0.0
              ]
            }
          }
        }
      },
      "2": {
        "inner": {
          "Material": {
            "Emissive": {
              "albedo": [
                1.0,
                1.0,
                1.0
              ],
              "intensity": 10.0
            }
          }
        }
      }
    },
    "next_key": 7
  }
}