{
  "roots": [],
  "root_material": 1,
  "objects": {
    "collection": {
      "0": {
        "object_ref": 0,
        "tag": "camera",
        "transform": {
          "transform_world": [
            0.9848077,
            1.8626451e-9,
            -0.17364816,
            -0.033133633,
            0.98162717,
            -0.18791018,
            0.17045777,
            0.190809,
            0.9667141,
            2.4,
            2.7,
            12.0
          ],
          "transform_local": [
            0.9848077,
            1.8626451e-9,
            -0.17364816,
            -0.033133633,
            0.98162717,
            -0.18791018,
            0.17045777,
            0.190809,
            0.9667141,
            2.4,
            2.7,
            12.0
          ],
          "transform_parent": null
        },
        "inner": {
          "Camera": {
            "sensor_size": 0.024,
            "focal_length": 0.085,
            "aspect_ratio": 1.9028741,
            "fstop": 1.4,
            "focus": 12.0
          }
        },
        "children": null
      },
      "1": {
        "object_ref": 1,
        "tag": null,
        "transform": {
          "transform_world": [
            1.0,
            0.0,
            0.0,
            0.0,
            1.0,
            0.0,
            0.0,
            0.0,
            1.0,
            0.0,
            -101.0,
            0.0
          ],
          "transform_local": [
            1.0,
            0.0,
            0.0,
            0.0,
            1.0,
            0.0,
            0.0,
            0.0,
            1.0,
            0.0,
            -101.0,
            0.0
          ],
          "transform_parent": null
        },
        "inner": {
          "Sphere": {
            "material": 4,
            "volume": null,
            "radius": 100.0
          }
        },
        "children": null
      },
      "4": {
        "object_ref": 4,
        "tag": null,
        "transform": {
          "transform_world": [
            1.0,
            0.0,
            0.0,
            0.0,
            1.0,
            0.0,
            0.0,
            0.0,
            1.0,
            1.0,
            3.0,
            -1.0
          ],
          "transform_local": [
            1.0,
            0.0,
            0.0,
            0.0,
            1.0,
            0.0,
            0.0,
            0.0,
            1.0,
            1.0,
            3.0,
            -1.0
          ],
          "transform_parent": null
        },
        "inner": {
          "Sphere": {
            "material": 2,
            "volume": null,
            "radius": 0.5
          }
        },
        "children": null
      },
      "2": {
        "object_ref": 2,
        "tag": null,
        "transform": {
          "transform_world": [
            1.0,
            0.0,
            0.0,
            0.0,
            1.0,
            0.0,
            0.0,
            0.0,
            1.0,
            0.0,
            0.1,
            0.0
          ],
          "transform_local": [
            1.0,
            0.0,
            0.0,
            0.0,
            1.0,
            0.0,
            0.0,
            0.0,
            1.0,
            0.0,
            0.1,
            0.0
          ],
          "transform_parent": null
        },
        "inner": {
          "Sphere": {
            "material": 3,
            "volume": 5,
            "radius": 1.0
          }
        },
        "children": null
      },
      "3": {
        "object_ref": 3,
        "tag": null,
        "transform": {
          "transform_world": [
            1.0,
            0.0,
            0.0,
            0.0,
            1.0,
            0.0,
            0.0,
            0.0,
            1.0,
            -0.8,
            0.5,
            -3.0
          ],
          "transform_local": [
            1.0,
            0.0,
            0.0,
            0.0,
            1.0,
            0.0,
            0.0,
            0.0,
            1.0,
            -0.8,
            0.5,
            -3.0
          ],
          "transform_parent": null
        },
        "inner": {
          "Sphere": {
            "material": 3,
            "volume": null,
            "radius": 0.5
          }
        },
        "children": null
      }
    },
    "next_key": 5
  },
  "data": {
    "collection": {
      "0": {
        "inner": {
          "Material": {
            "Flat": {
              "albedo": {
                "r": 0.0,
                "g": 0.0,
                "b": 0.0
              }
            }
          }
        }
      },
      "1": {
        "inner": {
          "Material": {
            "Emissive": {
              "albedo": {
                "r": 1.0,
                "g": 1.0,
                "b": 1.0
              },
              "intensity": 0.1
            }
          }
        }
      },
      "2": {
        "inner": {
          "Material": {
            "Emissive": {
              "albedo": {
                "r": 1.0,
                "g": 1.0,
                "b": 1.0
              },
              "intensity": 10.0
            }
          }
        }
      },
      "4": {
        "inner": {
          "Material": {
            "Diffuse": {
              "albedo": {
                "r": 0.2,
                "g": 0.2,
                "b": 0.5
              },
              "roughness": 0.8
            }
          }
        }
      },
      "3": {
        "inner": {
          "Material": {
            "Diffuse": {
              "albedo": {
                "r": 0.7,
                "g": 0.1,
                "b": 0.1
              },
              "roughness": 0.5
            }
          }
        }
      },
      "5": {
        "inner": {
          "Volume": {
            "DensityMap": {
              "width": 8,
              "height": 8,
              "depth": 8,
              "size": [
                7.0,
                7.0,
                7.0
              ],